https://ztuu.itch.io,22/10/2018 20:09:17
https://www.bbc.co.uk,22/10/2018 20:09:35
https://ztuu.itch.io,22/10/2018 20:09:46
https://ztuu.itch.io,22/10/2018 20:09:53
https://ztuu.itch.io,22/10/2018 20:40:35
https://ztuu.itch.io,23/10/2018 09:31:53
https://ztuu.itch.io,23/10/2018 09:31:53
https://ztuu.itch.io,23/10/2018 09:31:53
https://ztuu.itch.io,23/10/2018 09:31:53
https://ztuu.itch.io,23/10/2018 09:31:53
https://ztuu.itch.io,23/10/2018 09:31:53
https://ztuu.itch.io,23/10/2018 09:31:53
ahttps://ztuu.itch.io,23/10/2018 09:31:53
https://ztuu.itch.io,23/10/2018 09:31:53
https://ztuu.itch.io,23/10/2018 09:31:53
https://ztuu.itch.io,23/10/2018 09:31:53
https://ztuu.itch.io,23/10/2018 09:31:53
https://ztuu.itch.io,23/10/2018 09:31:53
ghttps://ztuu.itch.io,23/10/2018 09:31:53
fwdhttps://ztuu.itch.io,23/10/2018 09:31:53
https://ztuu.itch.io,23/10/2018 09:31:53
https://ztuu.itch.io,23/10/2018 09:31:53
https://ztuu.itch.io,23/10/2018 09:31:53
https://ztuu.itch.io,23/10/2018 09:56:30
https://ztuu.itch.io,23/10/2018 10:07:10
https://ztuu.itch.io,23/10/2018 10:09:12
https://ztuu.itch.io,23/10/2018 10:10:32
https://ztuu.itch.io,23/10/2018 10:11:24
https://ztuu.itch.io,23/10/2018 10:12:08
https://ztuu.itch.io,23/10/2018 10:12:31
https://ztuu.itch.io,23/10/2018 10:20:57
https://ztuu.itch.io,23/10/2018 10:21:55
https://ztuu.itch.io,23/10/2018 10:22:47
https://ztuu.itch.io,23/10/2018 10:23:40
https://ztuu.itch.io,23/10/2018 10:24:16
https://ztuu.itch.io,23/10/2018 10:33:50
https://ztuu.itch.io,23/10/2018 10:34:29
https://ztuu.itch.io,23/10/2018 10:35:15
https://ztuu.itch.io,23/10/2018 11:06:04
https://ztuu.itch.io,23/10/2018 11:23:33
https://ztuu.itch.io,23/10/2018 11:23:40
https://ztuu.itch.io,23/10/2018 11:25:38
https://www.bbc.co.uk,23/10/2018 11:25:41
https://ztuu.itch.io,23/10/2018 11:26:30
https://ztuu.itch.io,23/10/2018 11:26:32
https://ztuu.itch.io,23/10/2018 11:26:35
https://ztuu.itch.io,23/10/2018 11:26:46
https://ztuu.itch.io,23/10/2018 11:26:48
https://ztuu.itch.io,23/10/2018 11:26:59
https://www.bbc.co.uk,23/10/2018 11:27:03
https://ztuu.itch.io,23/10/2018 11:27:18
https://ztuu.itch.io,23/10/2018 11:27:28
https://ztuu.itch.io,23/10/2018 11:27:39
https://ztuu.itch.io,23/10/2018 11:28:03
https://ztuu.itch.io,23/10/2018 12:31:38
https://ztuu.itch.io,23/10/2018 12:31:40
https://ztuu.itch.io,23/10/2018 12:31:40
https://ztuu.itch.io,23/10/2018 12:31:41
https://ztuu.itch.io,23/10/2018 12:31:41
https://ztuu.itch.io,23/10/2018 12:31:41
https://ztuu.itch.io,23/10/2018 12:31:41
https://ztuu.itch.io,23/10/2018 12:31:41
https://ztuu.itch.io,23/10/2018 12:31:42
https://ztuu.itch.io,23/10/2018 12:31:42
https://ztuu.itch.io,23/10/2018 12:31:42
https://ztuu.itch.io,23/10/2018 12:31:42
https://ztuu.itch.io,23/10/2018 12:31:42
https://ztuu.itch.io,23/10/2018 12:31:42
https://ztuu.itch.io,23/10/2018 12:31:43
https://ztuu.itch.io,23/10/2018 12:31:43
https://ztuu.itch.io,23/10/2018 12:31:43
https://ztuu.itch.io,23/10/2018 12:31:52
https://ztuu.itch.io,23/10/2018 12:31:53
https://ztuu.itch.io,23/10/2018 12:31:53
https://www.bbc.com,23/10/2018 12:32:03
https://ztuu.itch.io,23/10/2018 12:36:49
https://www.bbc.com,23/10/2018 12:36:56
https://www.reddit.com,23/10/2018 12:37:06
https://ztuu.itch.io,23/10/2018 12:38:08
https://ztuu.itch.io,23/10/2018 12:38:42
https://ztuu.itch.io,23/10/2018 12:39:37
https://ztuu.itch.io,23/10/2018 12:39:51
https://ztuu.itch.io,23/10/2018 12:39:57
https://ztuu.itch.io,23/10/2018 13:00:12
https://ztuu.itch.io,23/10/2018 13:00:47
https://ztuu.itch.io,23/10/2018 13:06:10
https://www.bbc.com,23/10/2018 13:06:20
https://ztuu.itch.io,23/10/2018 13:16:02
https://ztuu.itch.io,23/10/2018 13:18:21
https://www.reddit.com,23/10/2018 13:18:25
https://www.bbc.com,23/10/2018 13:18:26
https://www.bbc.com,23/10/2018 13:18:45
https://ztuu.itch.io,23/10/2018 13:18:54
https://ztuu.itch.io,23/10/2018 13:19:04
https://www.bbc.com,23/10/2018 13:19:21
https://www.bbc.com,23/10/2018 15:02:45
https://www.bbc.com,23/10/2018 15:02:48
https://www.reddit.com,23/10/2018 15:02:57
https://www.bbc.com,23/10/2018 15:03:18
https://www.bbc.com,23/10/2018 15:03:55
https://ztuu.itch.io,23/10/2018 15:04:23
https://reddit.com,23/10/2018 15:04:33
https://www.bbc.com,23/10/2018 15:12:48
https://www.bbc.com,23/10/2018 15:13:32
https://www.reddit.com,23/10/2018 15:14:08
https://www.bbc.com,23/10/2018 15:16:06
https://www.bbc.com,23/10/2018 15:17:31
https://www.reddit.com,23/10/2018 15:17:58
https://www.bbc.com,23/10/2018 15:22:15
https://www.bbc.com,23/10/2018 15:22:31
https://www.bbc.com,23/10/2018 15:22:31
https://www.bbc.com,23/10/2018 15:47:27
https://www.bbc.com,23/10/2018 15:48:43
https://www.bbc.com,23/10/2018 16:09:39
https://www.bbc.co.uk/weather,23/10/2018 16:10:11
https://www.bbc.com,23/10/2018 16:12:40
https://www.bbc.com,23/10/2018 16:13:07
https://www.bbc.co.uk/weather,23/10/2018 16:13:18
https://www.bbc.com,23/10/2018 16:17:10
https://www.bbc.com,23/10/2018 16:17:42
https://www.bbc.com/weather,23/10/2018 16:17:50
https://www.bbc.com,23/10/2018 16:19:48
https://www.bbc.com,23/10/2018 16:21:34
https://www.bbc.com,23/10/2018 16:22:15
https://www.bbc.com,23/10/2018 16:22:39
https://www.bbc.com,23/10/2018 16:23:25
https://www.bbc.com/weather,23/10/2018 16:23:47
https://www.bbc.com,23/10/2018 16:29:16
https://www.bbc.com,23/10/2018 16:29:53
https://www.bbc.com,23/10/2018 16:30:09
https://www.bbc.com,23/10/2018 16:30:50
https://www.bbc.com,23/10/2018 16:35:25
https://www.bbc.com,23/10/2018 16:35:28
https://www.bbc.co.uk,23/10/2018 16:35:33
https://www.bbc.co.uk,23/10/2018 16:35:47
https://www.bbc.com,23/10/2018 16:36:48
https://www.bbc.com,23/10/2018 16:37:58
https://www.bbc.com,23/10/2018 16:56:54
https://www.bbc.com,23/10/2018 16:56:57
https://www.bbc.com,23/10/2018 17:00:21
https://www.bbc.com,23/10/2018 21:19:39
https://ztuu.itch.io,23/10/2018 21:20:02
https://www.bbc.com,23/10/2018 21:20:22
https://www.bbc.com,23/10/2018 21:20:35
https://www.bbc.com,23/10/2018 21:20:51
https://www.bbc.com,23/10/2018 21:20:53
https://www.bbc.com,24/10/2018 10:35:07
https://www.bbc.com,24/10/2018 10:36:18
https://www.bbc.com/weather,24/10/2018 10:36:26
https://www.bbc.com/weather,24/10/2018 10:36:27
https://www.bbc.com/weather,24/10/2018 10:36:30
http://reddit.com,24/10/2018 10:36:44
https://www.bbc.com,24/10/2018 10:49:12
https://www.bbc.com,24/10/2018 10:49:40
https://www.bbc.com,24/10/2018 10:49:55
https://www.bbc.com,24/10/2018 10:50:15
https://www.bbc.com,24/10/2018 10:51:03
https://www.bbc.com,24/10/2018 10:59:51
http://httpstat.us/,24/10/2018 10:59:58
http://httpstat.us/200,24/10/2018 11:00:04
http://httpstat.us/200,24/10/2018 11:00:04
http://httpstat.us/400,24/10/2018 11:00:11
http://httpstat.us/404,24/10/2018 11:00:26
http://httpstat.us/404,24/10/2018 11:00:26
http://httpstat.us/403,24/10/2018 11:00:31
http://httpstat.us/400,24/10/2018 11:00:36
http://httpstat.us/400,24/10/2018 11:00:41
https://www.bbc.com,24/10/2018 11:03:55
https://www.bbc.com,24/10/2018 11:04:57
https://www.bbc.com,24/10/2018 11:05:30
https://www.bbc.com,24/10/2018 11:06:21
https://www.bbc.com,24/10/2018 11:07:13
https://www.bbc.com,24/10/2018 11:13:07
https://www.bbc.com,24/10/2018 11:13:19
https://www.bbc.com,24/10/2018 11:13:33
https://www.bbc.com,24/10/2018 11:13:58
https://www.bbc.com,24/10/2018 11:14:01
https://www.bbc.com,24/10/2018 11:14:02
https://www.bbc.com,24/10/2018 11:14:08
https://www.bbc.com,24/10/2018 11:14:11
https://www.bbc.com,24/10/2018 11:14:22
https://www.bbc.com,24/10/2018 11:14:25
https://www.bbc.com,24/10/2018 11:14:26
https://www.bbc.com,24/10/2018 11:15:22
https://www.bbc.com,24/10/2018 11:15:28
https://www.bbc.com,24/10/2018 11:15:45
https://www.bbc.com,24/10/2018 11:18:00
https://www.bbc.com,24/10/2018 11:18:53
https://www.bbc.com,24/10/2018 11:18:58
https://www.bbc.com,24/10/2018 11:18:58
https://www.bbc.com,24/10/2018 11:18:59
https://www.bbc.com,24/10/2018 11:18:59
https://www.bbc.com,24/10/2018 11:19:02
https://www.bbc.com,24/10/2018 11:19:12
https://www.bbc.com,24/10/2018 11:19:20
https://www.bbc.com,24/10/2018 11:19:22
https://www.bbc.com,24/10/2018 11:20:03
https://www.bbc.com,24/10/2018 11:20:05
https://www.bbc.com,24/10/2018 12:09:33
https://www.bbc.com/weather,24/10/2018 12:09:43
https://httpstat.us/403,24/10/2018 12:09:52
https://httpstat.us/404,24/10/2018 12:09:57
https://httpstat.us/4043,24/10/2018 12:10:01
https://www.bbc.com,24/10/2018 13:11:34
https://www.bbc.com,24/10/2018 13:25:29
https://www.bbc.com,24/10/2018 13:25:31
https://www.bbc.com,24/10/2018 13:25:32
https://www.bbc.com,24/10/2018 13:26:03
https://www.bbc.com,24/10/2018 13:34:27
https://www.bbc.com,24/10/2018 13:34:31
https://www.bbc.com,24/10/2018 13:34:41
https://ztuu.itch.io,24/10/2018 13:34:48
https://www.bbc.com,24/10/2018 13:35:07
https://ztuu.itch.io,24/10/2018 13:35:12
https://www.bbc.com,24/10/2018 13:35:19
https://www.bbc.com,24/10/2018 13:36:27
https://www.bbc.com,24/10/2018 13:36:36
https://www.bbc.com,24/10/2018 13:36:36
https://ztuu.itch.io,24/10/2018 14:03:26
https://ztuu.itch.io,24/10/2018 16:35:55
https://ztuu.itch.io,24/10/2018 16:36:00
https://ztuu.itch.io,24/10/2018 16:36:51
https://www.bbc.co.uk/weather,24/10/2018 16:37:01
https://www.bbc.com/weather,24/10/2018 16:37:08
https://www.bbc.com,24/10/2018 16:37:13
https://www.bbc.com/weather,24/10/2018 16:37:21
https://www.bbc.com/weather,24/10/2018 16:38:17
https://www.bbc.com/weather,24/10/2018 16:38:31
https://www.bbc.com/weather,24/10/2018 18:09:43
https://www.bbc.com/weather,24/10/2018 18:09:46
https://www.bbc.com/weather,24/10/2018 19:29:23
https://www.bbc.com/weather,24/10/2018 19:39:13
https://www.bbc.com/weather,24/10/2018 19:39:19
https://ztuu.itch.io,24/10/2018 19:39:21
https://www.bbc.com,24/10/2018 19:39:34
https://www.bbc.com/weather,24/10/2018 19:39:58
https://ztuu.itch.io,24/10/2018 19:40:06
https://www.bbc.com/weather,24/10/2018 19:41:06
https://ztuu.itch.io,24/10/2018 19:41:08
https://www.bbc.com,24/10/2018 19:41:25
https://www.bbc.com/weather,24/10/2018 19:41:44
https://www.bbc.com/weather,24/10/2018 19:57:11
https://www.bbc.com/weather,24/10/2018 19:57:14
https://www.bbc.com/weather,24/10/2018 20:01:15
https://www.bbc.com/weather,24/10/2018 20:04:52
https://www.bbc.com/weather,24/10/2018 20:05:50
https://www.bbc.com/weather,24/10/2018 20:06:39
https://www.bbc.com/weather,24/10/2018 20:19:04
https://www.bbc.com/weather,24/10/2018 20:19:06
https://www.bbc.com/weather,24/10/2018 20:19:09
https://www.bbc.com/weather,24/10/2018 20:19:09
https://www.bbc.com/weather,24/10/2018 20:19:12
https://www.bbc.com/weather,24/10/2018 20:19:14
https://www.bbc.com/weather,24/10/2018 20:19:17
https://www.bbc.com/weather,24/10/2018 20:19:17
https://www.bbc.com/weather,24/10/2018 20:19:18
https://www.bbc.com/weather,24/10/2018 20:19:19
https://www.bbc.com/weather,24/10/2018 20:19:20
https://www.bbc.com/weather,24/10/2018 20:19:20
https://www.bbc.com/weather,24/10/2018 20:19:20
https://www.bbc.com/weather,24/10/2018 20:19:20
https://www.bbc.com/weather,24/10/2018 20:19:20
https://www.bbc.com/weather,24/10/2018 20:19:20
https://www.bbc.com/weather,24/10/2018 20:19:20
https://www.bbc.com/weather,24/10/2018 20:19:21
https://www.bbc.com/weather,24/10/2018 20:19:24
https://www.bbc.com/weather,24/10/2018 20:19:25
https://www.bbc.com/weather,24/10/2018 20:19:27
https://www.bbc.com/weather,24/10/2018 21:05:38
https://www.bbc.com/weather,24/10/2018 21:05:44
https://www.bbc.com/weather,24/10/2018 21:06:05
https://www.bbc.com/weather,24/10/2018 21:06:06
https://ztuu.itch.io,24/10/2018 21:06:07
https://www.bbc.com/weather,24/10/2018 21:06:09
https://www.bbc.com,24/10/2018 21:06:14
https://www.bbc.com/news,24/10/2018 21:06:20
https://www.bbc.com/weather,24/10/2018 21:12:58
https://www.bbc.com/weather,24/10/2018 21:13:00
https://www.bbc.com/weather,24/10/2018 21:13:01
https://www.bbc.com/weather,24/10/2018 21:13:02
https://www.bbc.com/weather,24/10/2018 21:13:04
https://www.bbc.com/weather,24/10/2018 21:13:05
https://www.bbc.com/weather,24/10/2018 21:13:06
https://www.bbc.com/weather,24/10/2018 21:13:07
https://www.bbc.com/weather,24/10/2018 21:13:09
https://www.bbc.com/weather,24/10/2018 21:13:10
https://www.bbc.com/weather,24/10/2018 21:13:11
https://www.bbc.com/weather,24/10/2018 21:13:13
https://www.bbc.com/weather,24/10/2018 21:13:14
https://www.bbc.com/weather,24/10/2018 21:13:15
https://www.bbc.com/weather,24/10/2018 21:13:17
https://www.bbc.com/weather,24/10/2018 21:13:18
https://www.bbc.com/weather,24/10/2018 21:13:19
https://www.bbc.com/weather,24/10/2018 21:13:20
https://www.bbc.com/weather,24/10/2018 21:13:22
https://www.bbc.com/weather,24/10/2018 21:13:23
https://www.bbc.com/weather,24/10/2018 23:04:41
https://httpstat.us,24/10/2018 23:04:51
https://httpstat.us/400,24/10/2018 23:04:55
https://httpstat.us/404,24/10/2018 23:05:23
https://www.bbc.com/weather,25/10/2018 08:39:04
https://www.google.com,25/10/2018 08:39:09
https://www.google.com,25/10/2018 08:39:13
https://www.google.com,25/10/2018 08:39:37
https://www.bbc.com,25/10/2018 08:39:38
https://www.google.com,25/10/2018 08:39:44
https://ztuu.itch.io,25/10/2018 08:39:45
https://www.bbc.com/weather,25/10/2018 08:39:55
https://www.google.com,25/10/2018 08:39:57
https://ztuu.itch.io,25/10/2018 08:39:58
https://www.google.com,25/10/2018 08:40:03
https://www.bbc.com/weather,25/10/2018 08:40:31
https://ztuu.itch.io,25/10/2018 08:40:33
https://www.bbc.com/weather,25/10/2018 08:40:38
https://www.bbc.com,25/10/2018 08:40:41
https://www.bbc.com/weather,25/10/2018 08:42:52
https://www.bbc.com/weather,25/10/2018 08:45:54
https://www.bbc.com/weather,25/10/2018 08:46:00
https://ztuu.itch.io,25/10/2018 08:46:04
https://ztuu.itch.io,25/10/2018 08:46:08
http://httpstat.us/400,25/10/2018 08:49:29
http://httpstat.us,25/10/2018 08:49:37
https://ztuu.itch.io,25/10/2018 10:37:05
https://www.bbc.com/weather,25/10/2018 10:37:11
https://ztuu.itch.io,25/10/2018 10:43:20
https://ztuu.itch.io,25/10/2018 10:49:07
https://ztuu.itch.io,25/10/2018 10:49:17
https://ztuu.itch.io,25/10/2018 11:27:12
https://ztuu.itch.io,25/10/2018 11:27:23
https://ztuu.itch.io,25/10/2018 11:27:26
https://ztuu.itch.io,25/10/2018 12:22:15
https://ztuu.itch.io,17/01/2019 16:05:21
https://ztuu.itch.io,18/01/2019 09:36:46
